"Gender","Age","Study_year","Living","Scholarship","Part_time_job","Transporting","Smoking","Coffee_or_Energy_Drinks","Games_and_Hobbies","Cosmetics_and_Selfcare","Monthly_Subscription","Monthly_expenses","3_or_more_Subscriptions","Location","Socioeconomic_Background","Major"
"Female",21,2,"Home","No","No","No","No","No","No","Yes","No",750,"Yes","Madinah","Medium","Computer Science"
"Male",25,3,"dorm","No","Yes","public transport","No","No","Yes","Yes","Yes",960,"No","Khobar","Low","Computer Science"
"Male",19,3,"dorm","No","No","public transport","No","No","Yes","Yes","Yes",1350,"No","Jeddah","Low","Art"
"Female",19,2,"Home","No","No","public transport","No","No","No","Yes","No",2250,"Yes","Jeddah","High","Business"
"Female",21,2,"Home","Yes","No","No","No","No","Yes","No","Yes",1950,"No","Jeddah","High","Computer Science"
"Female",18,1,"Home","Yes","No","No","No","No","No","Yes","Yes",1350,"No","Khobar","High","Medicine"
"Male",22,3,"Home","No","No","Car","No","No","No","Yes","Yes",1050,"No","Makkah","Low","Engineering"
"Male",18,2,"dorm","No","No","public transport","No","No","Yes","No","No",1890,"Yes","Jeddah","High","Computer Science"
"Female",18,2,"Home","No","No","No","No","No","Yes","Yes","No",720,"Yes","Makkah","Low","Medicine"
"Male",19,2,"Home","No","Yes","public transport","Yes","Yes","Yes","No","No",2550,"Yes","Khobar","High","Computer Science"
"Female",22,4,"dorm","Yes","Yes","Car","No","No","No","Yes","Yes",900,"No","Madinah","Medium","Art"
"Male",22,4,"Home","No","No","Car","No","No","Yes","No","No",1650,"No","Makkah","High","Medicine"
"Female",17,1,"Home","No","No","Car","No","No","No","No","No",1650,"No","Khobar","High","Computer Science"
"Female",19,3,"Home","No","No","public transport","No","No","Yes","Yes","Yes",900,"Yes","Makkah","Low","Computer Science"
"Female",22,4,"Home","Yes","Yes","Car","Yes","No","Yes","Yes","No",1950,"Yes","Riyadh","High","Other"
"Male",21,4,"Home","No","No","Car","Yes","No","No","No","No",750,"Yes","Makkah","Low","Engineering"
"Female",22,4,"Home","No","Yes","No","No","No","Yes","No","Yes",1560,"Yes","Madinah","High","Engineering"
"Male",18,2,"Home","No","No","public transport","No","No","No","No","Yes",1890,"Yes","Riyadh","High","Engineering"
"Male",22,4,"Home","Yes","No","No","Yes","Yes","Yes","No","Yes",1200,"Yes","Madinah","Low","Medicine"
"Male",18,1,"Home","Yes","No","No","No","No","Yes","No","Yes",1350,"No","Madinah","High","Other"
"Male",18,1,"dorm","Yes","No","public transport","No","No","No","No","No",900,"Yes","Makkah","Medium","Medicine"
"Female",19,2,"Home","No","No","No","No","No","Yes","No","No",1050,"No","Riyadh","Medium","Art"
"Female",19,2,"dorm","Yes","Yes","Car","No","No","Yes","Yes","Yes",0,"Yes","Khobar","Low","Art"
"Female",19,3,"Home","No","No","public transport","No","No","Yes","Yes","No",810,"No","Makkah","Medium","Medicine"
"Female",18,2,"Home","No","No","Car","Yes","No","Yes","Yes","No",1650,"Yes","Riyadh","Low","Medicine"
"Male",19,2,"Home","No","No","Car","Yes","Yes","Yes","No","No",2100,"No","Jeddah","High","Engineering"
"Male",22,3,"Home","No","No","Car","No","No","No","Yes","Yes",1050,"No","Makkah","Medium","Engineering"
"Male",18,2,"dorm","No","No","public transport","No","No","Yes","No","No",1290,"Yes","Jeddah","Medium","Medicine"
"Female",18,2,"Home","No","No","public transport","No","No","Yes","Yes","No",720,"Yes","Khobar","Medium","Engineering"
"Female",22,4,"dorm","Yes","Yes","Car","No","No","No","Yes","Yes",1200,"Yes","Makkah","Low","Engineering"
"Male",22,4,"Home","No","No","Car","No","No","Yes","No","No",2100,"No","Riyadh","High","Art"
"Female",17,1,"Home","No","No","Car","No","No","No","No","No",2100,"Yes","Jeddah","High","Business"
"Female",19,3,"Home","No","No","public transport","No","No","Yes","Yes","Yes",900,"No","Khobar","Medium","Art"
"Female",22,4,"Home","Yes","Yes","Car","Yes","No","Yes","Yes","No",900,"Yes","Madinah","Low","Computer Science"
"Male",21,4,"Home","No","No","Car","Yes","No","No","No","No",750,"No","Makkah","Low","Engineering"
"Female",22,4,"Home","No","Yes","No","No","No","Yes","No","Yes",960,"Yes","Makkah","Low","Other"
"Male",18,2,"Home","No","No","public transport","No","No","No","No","Yes",540,"No","Madinah","Low","Art"
"Male",22,4,"Home","Yes","No","public transport","Yes","Yes","Yes","No","Yes",1800,"Yes","Khobar","High","Computer Science"
"Male",18,1,"Home","Yes","No","No","No","No","Yes","No","Yes",1350,"No","Khobar","High","Other"
"Female",19,3,"Home","No","No","Car","No","No","Yes","Yes","No",1410,"No","Khobar","High","Other"
"Female",18,2,"Home","No","No","Car","Yes","No","Yes","Yes","No",1800,"No","Makkah","High","Business"
"Male",19,2,"Home","No","No","Car","Yes","Yes","Yes","No","No",1500,"Yes","Jeddah","Medium","Engineering"
"Male",22,3,"Home","No","No","Car","No","No","No","Yes","Yes",1350,"Yes","Khobar","Low","Engineering"
"Male",18,2,"dorm","No","No","public transport","No","No","Yes","No","No",540,"No","Khobar","Low","Business"
"Female",18,2,"Home","No","No","public transport","No","No","Yes","Yes","No",1170,"Yes","Riyadh","Low","Computer Science"
"Female",22,4,"dorm","Yes","Yes","Car","No","No","No","Yes","Yes",1200,"Yes","Makkah","Medium","Art"
"Male",22,4,"Home","No","No","Car","No","No","Yes","No","No",750,"No","Makkah","Medium","Art"
"Female",17,1,"Home","No","No","Car","No","No","No","No","No",1050,"Yes","Madinah","Medium","Art"
"Female",19,3,"Home","No","No","public transport","No","No","Yes","Yes","Yes",900,"No","Madinah","Low","Other"
"Male",19,3,"dorm","No","No","public transport","No","No","Yes","Yes","Yes",900,"Yes","Khobar","Medium","Art"
"Female",19,2,"Home","No","No","public transport","No","No","No","Yes","No",1650,"Yes","Riyadh","Low","Other"
"Female",21,2,"Home","Yes","No","No","No","No","Yes","No","Yes",600,"No","Makkah","Medium","Art"
"Female",18,1,"Home","Yes","No","No","No","No","No","Yes","Yes",750,"Yes","Madinah","Medium","Other"
"Male",22,3,"Home","No","No","Car","No","No","No","Yes","Yes",1800,"No","Jeddah","Low","Engineering"
"Male",18,2,"dorm","No","No","public transport","No","No","Yes","No","No",1440,"Yes","Makkah","High","Business"
"Female",18,2,"Home","No","No","public transport","No","No","Yes","Yes","No",420,"No","Madinah","Low","Engineering"
"Female",22,4,"dorm","Yes","Yes","Car","No","No","No","Yes","Yes",1800,"Yes","Madinah","High","Medicine"
"Male",18,2,"dorm","No","No","public transport","No","No","Yes","No","No",540,"No","Khobar","Low","Other"
"Female",18,2,"Home","No","No","public transport","No","No","Yes","Yes","No",720,"Yes","Makkah","Low","Other"
"Female",22,4,"dorm","Yes","Yes","Car","No","No","No","Yes","Yes",2250,"No","Jeddah","High","Business"
"Male",22,4,"Home","No","No","Car","No","No","Yes","No","No",1650,"No","Madinah","High","Computer Science"
"Female",17,1,"Home","No","No","Car","No","No","No","No","No",1650,"No","Madinah","High","Art"
"Female",19,3,"Home","No","No","public transport","No","No","Yes","Yes","Yes",900,"No","Makkah","Medium","Art"
"Male",19,3,"dorm","No","No","public transport","No","No","Yes","Yes","Yes",900,"Yes","Makkah","Low","Art"
"Female",19,2,"Home","No","No","public transport","No","No","No","Yes","No",1350,"No","Riyadh","Medium","Other"
"Female",21,2,"Home","Yes","No","No","No","No","Yes","No","Yes",1500,"No","Madinah","High","Business"
"Female",19,3,"Dorm","No","No","Public Transport","No","No","Yes","Yes","99",300,"Yes","Makkah","Low","Art"
"Male",18,2,"Home","No","No","Car","No","No","Yes","No","97",300,"Yes","Khobar","Low","Business"
"Male",22,3,"Home","No","No","Public Transport","No","No","No","Yes","189",900,"No","Khobar","High","Computer Science"
"Male",22,4,"Home","Yes","No","Public Transport","Yes","Yes","Yes","No","282",300,"No","Makkah","Medium","Art"
"Male",18,2,"Home","No","No","Driver","No","No","Yes","No","263",1350,"No","Riyadh","High","Business"
"Female",18,2,"Dorm","No","No","Driver","No","No","Yes","Yes","225",300,"Yes","Khobar","Medium","Medicine"
"Male",21,4,"Dorm","No","No","Public Transport","Yes","No","No","No","263",750,"Yes","Jeddah","Medium","Computer Science"
"Male",22,4,"Home","Yes","No","Driver","Yes","Yes","Yes","No","253",1350,"No","Riyadh","High","Engineering"
"Female",19,2,"Dorm","No","No","Car","No","No","No","Yes","138",900,"No","Madinah","High","Computer Science"
"Female",19,2,"Home","No","No","Public Transport","No","No","No","Yes","137",900,"Yes","Khobar","High","Engineering"
"Male",18,2,"Home","No","No","Public Transport","No","No","Yes","No","116",1350,"Yes","Riyadh","High","Business"
"Female",22,4,"Home","No","Yes","Public Transport","No","No","Yes","No","75",900,"Yes","Madinah","High","Engineering"
"Male",22,3,"Home","No","No","Driver","No","No","No","Yes","202",900,"No","Khobar","High","Engineering"
"Male",19,2,"Home","No","No","Car","Yes","Yes","Yes","No","85",0,"No","Madinah","Medium","Engineering"
"Female",18,2,"Home","No","No","Driver","No","No","Yes","Yes","278",300,"No","Khobar","Medium","Business"
"Female",19,3,"Dorm","No","No","Public Transport","No","No","Yes","Yes","70",1350,"No","Jeddah","High","Medicine"
"Female",22,4,"Dorm","Yes","Yes","Driver","No","No","No","Yes","8",300,"Yes","Makkah","Low","Engineering"
"Female",19,3,"Home","No","No","Driver","No","No","Yes","Yes","232",900,"No","Madinah","High","Other"
"Female",22,4,"Dorm","Yes","Yes","Driver","No","No","No","Yes","296",750,"Yes","Riyadh","Low","Other"
"Male",19,3,"Home","No","No","Public Transport","No","No","Yes","Yes","242",450,"No","Riyadh","Medium","Business"
"Female",18,2,"Dorm","No","No","Public Transport","Yes","No","Yes","Yes","166",300,"Yes","Madinah","Low","Medicine"
"Male",18,2,"Home","No","No","Public Transport","No","No","No","No","108",750,"Yes","Riyadh","Low","Art"
"Male",22,3,"Dorm","No","No","Car","No","No","No","Yes","48",300,"Yes","Makkah","Low","Art"
"Male",19,3,"Home","No","No","Driver","No","No","Yes","Yes","252",1350,"Yes","Jeddah","High","Art"
"Female",22,4,"Home","Yes","Yes","Driver","No","No","No","Yes","276",300,"Yes","Madinah","Low","Art"
"Female",21,2,"Dorm","Yes","No","Car","No","No","Yes","No","285",0,"No","Madinah","Medium","Art"
"Female",19,2,"Home","No","No","Driver","No","No","No","Yes","287",900,"Yes","Makkah","High","Art"
"Female",22,4,"Home","Yes","Yes","Public Transport","No","No","No","Yes","18",0,"No","Makkah","Low","Business"
"Male",21,4,"Home","No","No","Driver","Yes","No","No","No","7",300,"Yes","Khobar","Low","Computer Science"
"Male",18,1,"Home","Yes","No","Public Transport","No","No","Yes","No","54",1350,"Yes","Jeddah","High","Other"
"Male",22,3,"Dorm","No","No","Car","No","No","No","Yes","3",300,"Yes","Khobar","Medium","Business"
"Male",18,2,"Dorm","No","No","Driver","No","No","Yes","No","1",900,"Yes","Madinah","High","Engineering"
"Female",22,4,"Home","Yes","Yes","Driver","No","No","No","Yes","203",300,"No","Madinah","Low","Art"
"Male",18,2,"Home","No","No","Driver","No","No","Yes","No","33",900,"No","Makkah","High","Business"
"Male",18,2,"Home","No","No","Driver","No","No","No","No","56",0,"No","Khobar","Medium","Other"
"Male",21,4,"Home","No","No","Driver","Yes","No","No","No","284",750,"Yes","Riyadh","Medium","Medicine"
"Female",18,1,"Dorm","Yes","No","Car","No","No","No","Yes","246",750,"Yes","Jeddah","Medium","Computer Science"
"Female",19,3,"Dorm","No","No","Car","No","No","Yes","Yes","57",900,"Yes","Makkah","High","Engineering"
"Female",22,4,"Dorm","Yes","Yes","Public Transport","Yes","No","Yes","Yes","98",450,"No","Jeddah","Medium","Engineering"
"Female",19,3,"Dorm","No","No","Driver","No","No","Yes","Yes","143",750,"Yes","Riyadh","Low","Business"
"Female",22,4,"Dorm","Yes","Yes","Public Transport","Yes","No","Yes","Yes","70",1350,"No","Riyadh","High","Medicine"
"Male",18,2,"Dorm","No","No","Car","No","No","Yes","No","255",900,"Yes","Makkah","High","Engineering"
"Male",18,2,"Home","No","No","Car","No","No","Yes","No","100",750,"Yes","Jeddah","Low","Art"
"Female",17,1,"Home","No","No","Car","No","No","No","No","247",300,"Yes","Khobar","Low","Computer Science"
"Female",22,4,"Dorm","Yes","Yes","Car","No","No","No","Yes","169",300,"Yes","Makkah","Medium","Computer Science"
"Male",18,2,"Dorm","No","No","Car","No","No","Yes","No","14",0,"No","Makkah","Low","Art"
"Male",18,2,"Dorm","No","No","Public Transport","No","No","Yes","No","197",900,"No","Madinah","High","Art"
"Female",18,1,"Home","Yes","No","Driver","No","No","No","Yes","235",750,"Yes","Jeddah","Low","Engineering"
"Male",19,3,"Home","No","No","Car","No","No","Yes","Yes","260",300,"Yes","Khobar","Low","Art"
"Female",18,2,"Home","No","No","Public Transport","No","No","Yes","Yes","238",450,"No","Riyadh","Medium","Art"
"Male",23,2,"Home","Yes","No","Car","No","No","No","No","193",1350,"No","Riyadh","High","Medicine"
"Male",19,3,"Dorm","No","No","Car","No","No","Yes","Yes","137",1350,"No","Jeddah","High","Engineering"
"Female",18,2,"Dorm","No","No","Car","Yes","No","Yes","Yes","145",300,"No","Khobar","Low","Medicine"
"Male",18,2,"Dorm","No","No","Driver","No","No","Yes","No","113",750,"No","Jeddah","Low","Art"
"Male",18,2,"Home","No","No","Car","No","No","Yes","No","199",0,"No","Madinah","Low","Computer Science"
"Male",18,1,"Dorm","Yes","No","Driver","No","No","Yes","No","129",750,"Yes","Jeddah","Low","Engineering"
"Male",18,2,"Home","No","No","Car","No","No","Yes","No","296",1350,"No","Jeddah","High","Art"
"Female",17,1,"Dorm","No","No","Driver","No","No","No","No","102",0,"No","Khobar","Medium","Engineering"
"Male",19,2,"Dorm","No","No","Car","Yes","Yes","Yes","No","24",450,"No","Jeddah","Medium","Computer Science"
"Female",19,3,"Dorm","No","No","Car","No","No","Yes","Yes","195",900,"Yes","Madinah","High","Business"
"Female",18,2,"Home","No","No","Driver","No","No","Yes","Yes","52",300,"Yes","Madinah","Medium","Medicine"
"Female",17,1,"Home","No","No","Driver","No","No","No","No","9",750,"Yes","Jeddah","Medium","Business"
"Female",19,2,"Dorm","Yes","No","Public Transport","No","No","No","Yes","129",300,"Yes","Makkah","Medium","Computer Science"
"Male",18,2,"Dorm","No","No","Public Transport","No","No","No","No","94",750,"Yes","Riyadh","Medium","Medicine"
"Female",18,2,"Home","No","No","Car","No","No","Yes","Yes","16",300,"Yes","Khobar","Medium","Medicine"
"Female",19,2,"Dorm","Yes","No","Car","No","No","No","Yes","284",900,"Yes","Khobar","High","Business"
"Female",19,3,"Home","No","No","Public Transport","No","No","Yes","Yes","239",300,"No","Madinah","Low","Art"
"Male",23,2,"Home","Yes","No","Driver","No","No","No","No","139",450,"No","Riyadh","Low","Art"
"Male",19,2,"Home","No","No","Driver","Yes","Yes","Yes","No","242",300,"Yes","Khobar","Low","Engineering"
"Female",22,4,"Home","Yes","Yes","Car","No","No","No","Yes","88",1350,"No","Riyadh","High","Engineering"
"Male",18,2,"Dorm","No","No","Public Transport","No","No","Yes","No","20",450,"No","Jeddah","Low","Other"
"Female",19,2,"Dorm","No","No","Driver","No","No","No","Yes","77",300,"Yes","Madinah","Medium","Business"
"Female",18,1,"Home","Yes","No","Public Transport","No","No","No","Yes","297",750,"Yes","Riyadh","Low","Computer Science"
"Female",22,4,"Dorm","No","Yes","Driver","No","No","Yes","No","169",300,"No","Madinah","Medium","Computer Science"
"Male",18,2,"Dorm","No","No","Public Transport","No","No","Yes","No","191",900,"No","Madinah","High","Engineering"
"Male",21,4,"Home","No","No","Car","Yes","No","No","No","59",900,"No","Madinah","High","Art"
"Female",21,2,"Home","Yes","No","Car","No","No","Yes","No","39",300,"No","Makkah","Medium","Art"
"Male",18,2,"Dorm","No","No","Public Transport","No","No","Yes","No","98",300,"Yes","Makkah","Medium","Medicine"
"Female",18,2,"Home","No","No","Public Transport","No","No","Yes","Yes","6",0,"No","Makkah","Medium","Art"
"Female",18,1,"Dorm","Yes","No","Car","No","No","No","Yes","136",450,"No","Jeddah","Low","Computer Science"
"Female",19,2,"Home","No","No","Public Transport","No","No","No","Yes","102",900,"Yes","Makkah","High","Business"
"Female",19,3,"Dorm","No","No","Driver","No","No","Yes","Yes","279",750,"Yes","Jeddah","Medium","Business"
"Male",18,2,"Home","No","No","Public Transport","No","No","No","No","189",300,"No","Madinah","Medium","Business"
"Female",19,2,"Dorm","No","No","Car","No","No","No","Yes","262",750,"Yes","Riyadh","Medium","Other"
"Male",25,3,"Dorm","No","Yes","Car","No","No","Yes","Yes","129",300,"Yes","Madinah","Medium","Business"
"Female",19,2,"Dorm","No","No","Car","No","No","No","Yes","144",900,"Yes","Khobar","High","Other"
"Male",18,2,"Dorm","No","No","Car","No","No","Yes","No","212",750,"No","Riyadh","Medium","Business"
"Male",18,2,"Home","No","No","Driver","No","No","Yes","No","235",750,"No","Jeddah","Low","Computer Science"
"Male",19,3,"Home","No","No","Public Transport","No","No","Yes","Yes","200",300,"No","Madinah","Medium","Other"
"Female",17,1,"Dorm","No","No","Driver","No","No","No","No","183",450,"No","Riyadh","Low","Other"
"Male",18,2,"Home","No","No","Car","No","No","Yes","No","63",300,"Yes","Makkah","Medium","Engineering"
"Male",18,2,"Home","No","No","Car","No","No","Yes","No","156",300,"Yes","Khobar","Low","Art"
"Male",18,2,"Dorm","No","No","Driver","No","No","Yes","No","299",300,"No","Khobar","Low","Computer Science"
"Male",19,3,"Dorm","No","No","Driver","No","No","Yes","Yes","122",300,"Yes","Makkah","Low","Business"
"Female",17,1,"Home","No","No","Driver","No","No","No","No","77",750,"Yes","Jeddah","Low","Art"
"Female",18,1,"Home","Yes","No","Driver","No","No","No","Yes","211",300,"No","Makkah","Medium","Engineering"
"Male",18,2,"Dorm","No","No","Public Transport","No","No","No","No","29",1350,"Yes","Riyadh","High","Engineering"
"Female",17,1,"Dorm","No","No","Car","No","No","No","No","201",0,"No","Makkah","Low","Engineering"
"Female",22,4,"Dorm","Yes","Yes","Public Transport","Yes","No","Yes","Yes","133",900,"Yes","Makkah","High","Other"
"Male",18,2,"Dorm","No","No","Driver","No","No","Yes","No","3",0,"No","Khobar","Low","Medicine"
"Female",19,2,"Dorm","No","No","Car","No","No","No","Yes","90",300,"No","Madinah","Low","Art"
"Female",21,2,"Home","Yes","No","Public Transport","No","No","Yes","No","251",300,"Yes","Makkah","Medium","Medicine"
"Male",22,4,"Home","Yes","No","Car","Yes","Yes","Yes","No","158",900,"Yes","Khobar","High","Computer Science"
"Female",18,2,"Home","No","No","Public Transport","No","No","Yes","Yes","239",450,"No","Riyadh","Low","Business"
"Female",22,4,"Dorm","Yes","Yes","Public Transport","No","No","No","Yes","132",750,"Yes","Riyadh","Low","Other"
"Female",19,2,"Home","Yes","Yes","Car","No","No","Yes","Yes","184",750,"No","Jeddah","Low","Computer Science"
"Female",19,3,"Home","No","No","Car","No","No","Yes","Yes","6",300,"No","Makkah","Low","Other"
"Female",19,2,"Dorm","Yes","No","Driver","No","No","No","Yes","147",0,"No","Madinah","Low","Other"
"Female",22,4,"Dorm","Yes","Yes","Driver","Yes","No","Yes","Yes","151",1350,"No","Jeddah","High","Engineering"
"Male",22,3,"Dorm","No","No","Driver","No","No","No","Yes","297",750,"No","Jeddah","Low","Art"
"Female",17,1,"Home","No","No","Driver","No","No","No","No","139",1350,"Yes","Jeddah","High","Art"
"Male",22,4,"Home","No","No","Car","No","No","Yes","No","63",300,"Yes","Madinah","Low","Art"
"Male",18,2,"Dorm","No","No","Driver","No","No","Yes","No","45",300,"Yes","Makkah","Low","Medicine"
"Male",22,4,"Dorm","No","No","Public Transport","No","No","Yes","No","9",1350,"No","Jeddah","High","Art"
"Male",19,3,"Dorm","No","No","Driver","No","No","Yes","Yes","278",750,"Yes","Jeddah","Medium","Art"
"Male",18,2,"Dorm","No","No","Driver","No","No","Yes","No","287",1350,"Yes","Riyadh","High","Engineering"
"Male",18,2,"Dorm","No","No","Public Transport","No","No","Yes","No","295",750,"No","Riyadh","Medium","Medicine"
"Female",19,2,"Dorm","No","No","Car","No","No","Yes","No","284",1350,"Yes","Riyadh","High","Other"
"Female",19,3,"Home","No","No","Driver","No","No","Yes","Yes","185",750,"Yes","Riyadh","Low","Engineering"
"Female",22,4,"Home","Yes","Yes","Car","Yes","No","Yes","Yes","31",900,"Yes","Makkah","High","Medicine"
"Female",19,2,"Home","No","No","Car","No","No","Yes","No","213",0,"No","Madinah","Low","Other"
"Male",18,1,"Home","Yes","No","Driver","No","No","Yes","No","230",1350,"No","Jeddah","High","Medicine"
"Female",17,1,"Home","No","No","Car","No","No","No","No","269",900,"Yes","Makkah","High","Business"
"Male",22,4,"Dorm","Yes","No","Car","Yes","Yes","Yes","No","165",450,"No","Riyadh","Low","Other"
"Female",19,2,"Home","No","No","Public Transport","No","No","No","Yes","122",750,"Yes","Jeddah","Medium","Other"
"Male",19,3,"Home","No","No","Car","No","No","Yes","Yes","195",1350,"No","Riyadh","High","Computer Science"
"Male",22,3,"Home","No","No","Public Transport","No","No","No","Yes","200",300,"Yes","Makkah","Low","Medicine"
"Female",18,2,"Home","No","No","Car","No","No","Yes","Yes","103",300,"Yes","Makkah","Low","Other"
"Male",18,1,"Dorm","Yes","No","Driver","No","No","Yes","No","72",300,"Yes","Khobar","Medium","Medicine"
"Male",22,3,"Dorm","No","No","Driver","No","No","No","Yes","216",900,"No","Khobar","High","Computer Science"
"Female",19,3,"Dorm","No","No","Car","No","No","Yes","Yes","164",0,"No","Madinah","Medium","Art"
"Male",22,4,"Dorm","Yes","No","Car","Yes","Yes","Yes","No","150",300,"Yes","Khobar","Medium","Medicine"
"Female",22,4,"Dorm","No","Yes","Driver","No","No","Yes","No","191",750,"Yes","Riyadh","Low","Engineering"
"Male",22,4,"Dorm","No","No","Car","No","No","Yes","No","218",300,"Yes","Khobar","Medium","Medicine"
"Female",18,2,"Dorm","No","No","Driver","No","No","Yes","Yes","242",300,"Yes","Madinah","Medium","Art"
"Female",22,4,"Dorm","Yes","Yes","Car","No","No","No","Yes","191",300,"No","Madinah","Medium","Engineering"
"Female",18,2,"Home","No","No","Car","No","No","Yes","Yes","290",0,"No","Makkah","Medium","Business"
"Male",21,4,"Home","No","No","Car","Yes","No","No","No","285",1350,"Yes","Riyadh","High","Computer Science"
"Female",17,1,"Dorm","No","No","Driver","No","No","No","No","145",750,"Yes","Riyadh","Medium","Medicine"
"Female",22,4,"Home","Yes","Yes","Driver","No","No","No","Yes","165",750,"No","Riyadh","Low","Computer Science"
"Female",22,4,"Dorm","No","Yes","Driver","No","No","Yes","No","153",900,"No","Madinah","High","Other"
"Female",22,4,"Home","Yes","Yes","Car","No","No","No","Yes","202",900,"No","Makkah","High","Business"
"Male",19,3,"Dorm","No","No","Driver","No","No","Yes","Yes","238",1350,"No","Jeddah","High","Engineering"
"Female",22,4,"Home","Yes","Yes","Driver","Yes","No","Yes","Yes","156",750,"No","Riyadh","Medium","Medicine"
"Male",22,3,"Dorm","No","No","Driver","No","No","No","Yes","286",900,"No","Madinah","High","Engineering"
"Male",25,3,"Dorm","No","Yes","Car","No","No","Yes","Yes","2",0,"No","Khobar","Medium","Engineering"
"Female",19,2,"Dorm","No","No","Driver","No","No","No","Yes","22",450,"No","Jeddah","Medium","Computer Science"
"Male",22,3,"Home","No","No","Public Transport","No","No","No","Yes","278",900,"Yes","Makkah","High","Computer Science"
"Male",22,3,"Home","No","Yes","Public Transport","Yes","Yes","No","No","165",300,"Yes","Khobar","Medium","Computer Science"
"Male",18,2,"Dorm","No","No","Public Transport","No","No","Yes","No","21",300,"Yes","Madinah","Low","Business"
"Male",18,2,"Dorm","No","No","Car","No","No","Yes","No","299",900,"Yes","Khobar","High","Art"
"Male",22,4,"Home","Yes","No","Driver","Yes","Yes","Yes","No","294",750,"Yes","Riyadh","Low","Computer Science"
"Male",21,4,"Dorm","No","No","Driver","Yes","No","No","No","22",0,"No","Khobar","Low","Computer Science"
"Male",18,2,"Dorm","No","No","Driver","No","No","Yes","No","286",750,"No","Jeddah","Medium","Engineering"
"Female",21,2,"Home","Yes","No","Car","No","No","Yes","No","149",750,"No","Riyadh","Medium","Medicine"
"Male",22,4,"Dorm","Yes","No","Driver","Yes","Yes","Yes","No","199",450,"No","Riyadh","Low","Computer Science"
"Female",22,4,"Dorm","No","Yes","Car","No","No","Yes","No","22",450,"No","Riyadh","Medium","Other"
"Female",21,2,"Dorm","Yes","No","Driver","No","No","Yes","No","218",300,"Yes","Khobar","Low","Medicine"
"Female",19,2,"Home","Yes","No","Public Transport","No","No","No","Yes","151",300,"Yes","Khobar","Medium","Other"
"Female",19,2,"Home","Yes","No","Public Transport","No","No","No","Yes","126",900,"No","Makkah","High","Other"
"Male",18,2,"Home","No","No","Public Transport","No","No","Yes","No","14",300,"Yes","Madinah","Low","Engineering"
"Male",25,3,"Dorm","No","Yes","Public Transport","No","No","Yes","Yes","281",900,"No","Khobar","High","Art"
"Male",23,2,"Dorm","Yes","No","Driver","No","No","No","No","174",300,"No","Khobar","Low","Computer Science"
"Male",18,2,"Dorm","No","No","Car","No","No","Yes","No","111",1350,"Yes","Riyadh","High","Medicine"
"Female",22,4,"Home","Yes","Yes","Car","Yes","No","Yes","Yes","156",300,"No","Madinah","Medium","Business"
"Female",18,2,"Home","No","No","Car","No","No","Yes","Yes","129",750,"No","Jeddah","Medium","Computer Science"
"Female",22,4,"Dorm","No","Yes","Public Transport","No","No","Yes","No","85",300,"No","Khobar","Medium","Business"
"Female",22,4,"Home","No","Yes","Car","No","No","Yes","No","23",300,"No","Makkah","Low","Business"
"Female",19,2,"Dorm","No","No","Car","No","No","Yes","No","194",300,"Yes","Madinah","Low","Engineering"
"Male",18,2,"Dorm","No","No","Public Transport","No","No","No","No","62",0,"No","Khobar","Medium","Business"
"Male",22,4,"Dorm","No","No","Public Transport","No","No","Yes","No","129",900,"Yes","Khobar","High","Other"
"Male",22,4,"Dorm","No","No","Public Transport","No","No","Yes","No","260",750,"Yes","Jeddah","Medium","Computer Science"
"Female",18,2,"Home","No","No","Public Transport","Yes","No","Yes","Yes","5",300,"Yes","Madinah","Medium","Other"
"Male",22,4,"Home","No","No","Public Transport","No","No","Yes","No","9",0,"No","Madinah","Low","Art"
"Female",22,4,"Home","Yes","Yes","Public Transport","Yes","No","Yes","Yes","257",300,"No","Khobar","Medium","Business"
"Male",18,2,"Home","No","No","Car","No","No","No","No","221",1350,"No","Jeddah","High","Computer Science"
"Female",19,3,"Dorm","No","No","Public Transport","No","No","Yes","Yes","90",750,"Yes","Jeddah","Low","Medicine"
"Female",18,1,"Home","Yes","No","Car","No","No","No","Yes","199",450,"No","Jeddah","Low","Art"
"Male",22,3,"Home","No","No","Driver","No","No","No","Yes","93",1350,"Yes","Jeddah","High","Computer Science"
"Male",23,2,"Home","Yes","No","Public Transport","No","No","No","No","178",1350,"Yes","Jeddah","High","Business"
"Male",22,4,"Home","Yes","No","Car","Yes","Yes","Yes","No","292",300,"No","Khobar","Low","Engineering"
"Female",18,2,"Dorm","No","No","Driver","Yes","No","Yes","Yes","76",750,"No","Jeddah","Low","Other"
"Male",18,2,"Dorm","No","No","Driver","No","No","Yes","No","148",300,"Yes","Khobar","Low","Business"
"Male",19,3,"Dorm","No","No","Driver","No","No","Yes","Yes","32",300,"Yes","Makkah","Medium","Computer Science"
"Male",18,1,"Home","Yes","No","Public Transport","No","No","Yes","No","77",0,"No","Madinah","Low","Other"
"Female",18,2,"Home","No","No","Public Transport","No","No","Yes","Yes","206",750,"Yes","Jeddah","Low","Computer Science"
"Female",18,2,"Dorm","No","No","Public Transport","No","No","Yes","Yes","241",300,"Yes","Madinah","Medium","Engineering"
"Female",17,1,"Dorm","No","No","Car","No","No","No","No","216",900,"No","Madinah","High","Medicine"
"Male",19,3,"Dorm","No","No","Driver","No","No","Yes","Yes","119",900,"Yes","Makkah","High","Medicine"
"Female",18,2,"Home","No","No","Car","Yes","No","Yes","Yes","2",1350,"No","Riyadh","High","Business"
"Male",25,3,"Dorm","No","Yes","Public Transport","No","No","Yes","Yes","142",1350,"Yes","Riyadh","High","Engineering"
"Female",21,2,"Dorm","Yes","No","Car","No","No","Yes","No","208",300,"No","Khobar","Low","Art"
"Female",22,4,"Dorm","No","Yes","Car","No","No","Yes","No","62",300,"Yes","Madinah","Low","Other"
"Female",18,2,"Home","No","No","Public Transport","No","No","Yes","Yes","293",750,"Yes","Jeddah","Medium","Engineering"
"Female",19,2,"Home","Yes","No","Driver","No","No","No","Yes","271",1350,"No","Riyadh","High","Business"
"Male",18,1,"Home","Yes","No","Driver","No","No","Yes","No","118",0,"No","Makkah","Low","Computer Science"
"Female",22,4,"Dorm","Yes","Yes","Driver","No","No","No","Yes","98",300,"Yes","Makkah","Low","Art"
"Female",19,2,"Home","No","No","Car","No","No","No","Yes","95",300,"No","Makkah","Low","Business"
"Male",22,4,"Home","No","No","Public Transport","No","No","Yes","No","209",300,"No","Madinah","Low","Other"
"Male",18,2,"Dorm","No","No","Car","No","No","No","No","109",300,"Yes","Khobar","Medium","Medicine"
"Male",18,2,"Dorm","No","No","Driver","No","No","Yes","No","218",900,"No","Khobar","High","Art"
"Female",17,1,"Dorm","No","No","Public Transport","No","No","No","No","227",0,"No","Khobar","Low","Medicine"
"Female",22,4,"Home","Yes","Yes","Driver","Yes","No","Yes","Yes","50",1350,"Yes","Jeddah","High","Business"
"Male",18,1,"Dorm","Yes","No","Car","No","No","No","No","19",900,"No","Makkah","High","Medicine"
"Female",19,3,"Home","No","No","Public Transport","No","No","Yes","Yes","180",1350,"Yes","Riyadh","High","Engineering"
"Male",19,3,"Home","No","No","Public Transport","No","No","Yes","Yes","61",900,"No","Makkah","High","Business"
"Male",21,4,"Dorm","No","No","Car","Yes","No","No","No","62",750,"No","Jeddah","Medium","Art"
"Male",22,4,"Home","No","No","Driver","No","No","Yes","No","171",750,"Yes","Jeddah","Medium","Medicine"
"Female",19,3,"Home","No","No","Public Transport","No","No","Yes","Yes","238",300,"Yes","Madinah","Medium","Medicine"
"Male",22,3,"Dorm","No","No","Car","No","No","No","Yes","143",300,"Yes","Madinah","Low","Other"
"Female",17,1,"Home","No","No","Driver","No","No","No","No","50",300,"Yes","Khobar","Low","Art"
"Male",19,3,"Home","No","No","Driver","No","No","Yes","Yes","2",900,"No","Madinah","High","Engineering"
"Male",18,1,"Dorm","Yes","No","Public Transport","No","No","Yes","No","244",1350,"No","Riyadh","High","Art"
"Female",22,4,"Dorm","No","Yes","Car","No","No","Yes","No","255",300,"Yes","Madinah","Medium","Other"
"Female",21,2,"Dorm","Yes","No","Public Transport","No","No","Yes","No","37",450,"No","Riyadh","Low","Medicine"
"Female",21,2,"Dorm","Yes","No","Car","No","No","Yes","No","70",450,"No","Riyadh","Low","Business"
"Female",19,3,"Dorm","No","No","Car","No","No","Yes","Yes","296",750,"Yes","Riyadh","Medium","Computer Science"
"Male",22,3,"Home","No","No","Car","No","No","No","Yes","145",1350,"Yes","Riyadh","High","Engineering"
"Male",22,3,"Dorm","No","Yes","Public Transport","Yes","Yes","No","No","118",1350,"No","Riyadh","High","Medicine"
"Male",22,3,"Home","No","No","Car","No","No","No","Yes","288",300,"No","Madinah","Medium","Other"
"Female",18,2,"Dorm","No","No","Public Transport","No","No","Yes","Yes","107",300,"Yes","Makkah","Medium","Business"
"Female",19,3,"Home","No","No","Car","No","No","Yes","Yes","255",900,"Yes","Makkah","High","Business"
"Male",22,4,"Dorm","No","No","Public Transport","No","No","Yes","No","9",300,"No","Makkah","Medium","Medicine"
"Female",21,2,"Dorm","Yes","No","Public Transport","No","No","Yes","No","184",0,"No","Madinah","Low","Computer Science"
"Female",21,2,"Dorm","No","No","Driver","No","No","No","Yes","135",750,"No","Jeddah","Medium","Business"
"Female",19,3,"Dorm","No","No","Car","No","No","Yes","Yes","107",750,"No","Jeddah","Low","Engineering"
"Male",18,2,"Home","No","No","Car","No","No","Yes","No","217",750,"Yes","Jeddah","Medium","Engineering"
"Female",17,1,"Dorm","No","No","Car","No","No","No","No","227",300,"Yes","Madinah","Medium","Other"
"Female",22,4,"Home","Yes","Yes","Driver","No","No","No","Yes","79",900,"No","Khobar","High","Other"
"Female",19,3,"Dorm","No","No","Public Transport","No","No","Yes","Yes","292",900,"Yes","Makkah","High","Other"
"Female",18,2,"Home","No","No","Car","No","No","Yes","Yes","150",750,"Yes","Riyadh","Medium","Engineering"
"Female",19,2,"Home","Yes","No","Car","No","No","No","Yes","5",750,"No","Riyadh","Medium","Engineering"
"Male",19,2,"Dorm","No","No","Driver","Yes","Yes","Yes","No","223",1350,"No","Riyadh","High","Computer Science"
"Male",18,2,"Dorm","No","No","Public Transport","No","No","Yes","No","175",1350,"No","Riyadh","High","Business"
"Male",22,3,"Dorm","No","No","Driver","No","No","No","Yes","233",750,"Yes","Riyadh","Low","Medicine"
"Female",19,3,"Dorm","No","No","Public Transport","No","No","Yes","Yes","207",900,"No","Khobar","High","Engineering"
"Female",19,3,"Dorm","No","No","Public Transport","No","No","Yes","Yes","276",900,"Yes","Madinah","High","Other"
"Female",21,2,"Dorm","No","No","Car","No","No","No","Yes","43",750,"Yes","Riyadh","Low","Computer Science"
"Male",22,3,"Dorm","No","No","Driver","No","No","No","Yes","26",750,"No","Jeddah","Medium","Other"
"Female",17,1,"Dorm","No","No","Car","No","No","No","No","119",0,"No","Madinah","Medium","Medicine"
"Female",17,1,"Dorm","No","No","Car","No","No","No","No","177",0,"No","Madinah","Medium","Computer Science"
"Female",22,4,"Dorm","No","Yes","Car","No","No","Yes","No","37",0,"No","Makkah","Medium","Computer Science"
"Male",22,4,"Dorm","No","No","Public Transport","No","No","Yes","No","110",750,"Yes","Jeddah","Low","Other"
"Female",18,2,"Dorm","No","No","Public Transport","No","No","Yes","Yes","67",1350,"No","Jeddah","High","Other"
"Male",19,2,"Home","No","No","Public Transport","Yes","Yes","Yes","No","238",750,"Yes","Riyadh","Low","Computer Science"
"Female",22,4,"Home","No","Yes","Public Transport","No","No","Yes","No","45",300,"Yes","Madinah","Medium","Computer Science"
"Female",19,2,"Home","No","No","Public Transport","No","No","Yes","No","148",750,"No","Riyadh","Medium","Art"
"Male",22,3,"Home","No","No","Car","No","No","No","Yes","154",900,"No","Khobar","High","Business"
"Male",22,3,"Home","No","No","Car","No","No","No","Yes","7",750,"No","Jeddah","Medium","Other"
"Male",21,4,"Dorm","No","No","Car","Yes","No","No","No","131",300,"Yes","Makkah","Medium","Business"
"Female",21,2,"Dorm","Yes","No","Driver","No","No","Yes","No","196",900,"No","Makkah","High","Business"
"Male",19,3,"Dorm","No","No","Public Transport","No","No","Yes","Yes","125",300,"Yes","Khobar","Low","Medicine"
"Female",21,2,"Home","Yes","No","Driver","No","No","Yes","No","259",300,"No","Madinah","Medium","Medicine"
"Female",22,4,"Home","Yes","Yes","Driver","No","No","No","Yes","165",900,"No","Makkah","High","Computer Science"
"Female",19,2,"Home","No","No","Public Transport","No","No","Yes","No","266",750,"Yes","Riyadh","Low","Art"
"Male",22,3,"Dorm","No","No","Public Transport","No","No","No","Yes","219",300,"Yes","Madinah","Medium","Engineering"
"Female",18,2,"Dorm","No","No","Car","No","No","Yes","Yes","238",1350,"No","Riyadh","High","Medicine"
"Female",17,1,"Dorm","No","No","Car","No","No","No","No","294",900,"No","Khobar","High","Art"
"Male",18,2,"Dorm","No","No","Public Transport","No","No","Yes","No","174",300,"Yes","Makkah","Medium","Computer Science"
"Female",19,2,"Dorm","No","No","Driver","No","No","No","Yes","194",750,"No","Riyadh","Low","Medicine"
"Male",22,4,"Home","Yes","No","Driver","Yes","Yes","Yes","No","181",450,"No","Jeddah","Medium","Engineering"
"Female",19,2,"Home","Yes","Yes","Car","No","No","Yes","Yes","64",900,"Yes","Khobar","High","Engineering"
"Male",22,4,"Dorm","No","No","Driver","No","No","Yes","No","204",750,"No","Jeddah","Medium","Computer Science"
"Female",18,2,"Home","No","No","Public Transport","Yes","No","Yes","Yes","41",750,"No","Jeddah","Medium","Art"
"Female",22,4,"Dorm","Yes","Yes","Car","No","No","No","Yes","269",300,"No","Khobar","Low","Computer Science"
"Male",22,4,"Home","No","No","Car","No","No","Yes","No","2",300,"Yes","Makkah","Medium","Business"
"Female",19,2,"Home","No","No","Car","No","No","Yes","No","203",750,"Yes","Riyadh","Medium","Other"
"Male",21,4,"Home","No","No","Car","Yes","No","No","No","186",750,"No","Jeddah","Medium","Business"
"Male",22,3,"Home","No","Yes","Driver","Yes","Yes","No","No","188",1350,"No","Riyadh","High","Art"
"Male",22,4,"Dorm","No","No","Public Transport","No","No","Yes","No","196",900,"No","Makkah","High","Engineering"
"Female",21,2,"Home","Yes","No","Car","No","No","Yes","No","41",300,"No","Makkah","Medium","Computer Science"
"Male",22,4,"Home","No","No","Public Transport","No","No","Yes","No","6",900,"Yes","Makkah","High","Business"
"Male",22,4,"Home","No","No","Driver","No","No","Yes","No","239",900,"Yes","Makkah","High","Art"
"Female",18,1,"Dorm","Yes","No","Driver","No","No","No","Yes","144",1350,"No","Jeddah","High","Business"
"Male",19,2,"Dorm","No","No","Public Transport","Yes","Yes","Yes","No","247",900,"Yes","Madinah","High","Art"
"Female",17,1,"Dorm","No","No","Driver","No","No","No","No","7",450,"No","Riyadh","Low","Engineering"
"Female",22,4,"Home","Yes","Yes","Car","No","No","No","Yes","179",750,"Yes","Jeddah","Medium","Engineering"
"Female",19,2,"Dorm","No","No","Car","No","No","No","Yes","160",300,"Yes","Khobar","Medium","Art"
"Male",18,1,"Dorm","Yes","No","Car","No","No","No","No","256",750,"Yes","Riyadh","Medium","Computer Science"
"Male",22,4,"Home","No","No","Public Transport","No","No","Yes","No","12",1350,"Yes","Riyadh","High","Medicine"
"Male",21,4,"Home","No","No","Driver","Yes","No","No","No","238",0,"No","Madinah","Low","Computer Science"
"Female",22,4,"Dorm","Yes","Yes","Driver","No","No","No","Yes","278",1350,"Yes","Jeddah","High","Other"
"Female",21,2,"Dorm","Yes","No","Public Transport","No","No","Yes","No","20",750,"No","Riyadh","Low","Business"
"Female",19,3,"Home","No","No","Public Transport","No","No","Yes","Yes","202",450,"No","Jeddah","Low","Computer Science"
"Male",23,2,"Home","Yes","No","Public Transport","No","No","No","No","92",1350,"Yes","Riyadh","High","Medicine"
"Female",18,2,"Home","No","No","Car","Yes","No","Yes","Yes","108",900,"Yes","Makkah","High","Engineering"
"Female",19,3,"Dorm","No","No","Public Transport","No","No","Yes","Yes","127",900,"No","Madinah","High","Business"
"Male",22,4,"Home","No","No","Public Transport","No","No","Yes","No","198",900,"Yes","Makkah","High","Medicine"
"Female",19,3,"Dorm","No","No","Car","No","No","Yes","Yes","102",900,"No","Madinah","High","Business"
"Female",18,2,"Home","No","No","Public Transport","No","No","Yes","Yes","141",900,"Yes","Makkah","High","Engineering"
"Male",22,4,"Dorm","No","No","Public Transport","No","No","Yes","No","34",900,"No","Makkah","High","Computer Science"
"Male",19,3,"Dorm","No","No","Driver","No","No","Yes","Yes","213",300,"No","Khobar","Low","Engineering"
"Female",21,2,"Dorm","Yes","No","Driver","No","No","Yes","No","94",750,"Yes","Riyadh","Low","Art"
"Male",19,3,"Home","No","No","Driver","No","No","Yes","Yes","124",900,"Yes","Makkah","High","Business"
"Female",22,4,"Dorm","Yes","Yes","Car","Yes","No","Yes","Yes","115",0,"No","Khobar","Low","Medicine"
"Female",22,4,"Dorm","Yes","Yes","Car","No","No","No","Yes","86",750,"Yes","Riyadh","Medium","Engineering"
"Female",19,3,"Dorm","No","No","Public Transport","No","No","Yes","Yes","287",750,"No","Jeddah","Medium","Engineering"
"Male",19,3,"Dorm","No","No","Car","No","No","Yes","Yes","2",900,"Yes","Madinah","High","Medicine"
"Male",18,2,"Dorm","No","No","Car","No","No","Yes","No","112",900,"Yes","Makkah","High","Other"
"Male",23,2,"Home","Yes","No","Public Transport","No","No","No","No","210",300,"Yes","Makkah","Medium","Medicine"
"Female",19,2,"Dorm","No","No","Car","No","No","No","Yes","131",750,"No","Riyadh","Medium","Art"
"Male",18,1,"Home","Yes","No","Public Transport","No","No","Yes","No","239",900,"Yes","Madinah","High","Other"
"Male",23,2,"Dorm","Yes","No","Driver","No","No","No","No","129",0,"No","Madinah","Medium","Business"
"Female",18,2,"Dorm","No","No","Public Transport","No","No","Yes","Yes","5",1350,"No","Jeddah","High","Business"
"Female",19,3,"Home","No","No","Public Transport","No","No","Yes","Yes","158",300,"Yes","Makkah","Low","Other"
"Female",22,4,"Home","Yes","Yes","Public Transport","No","No","No","Yes","137",900,"Yes","Madinah","High","Medicine"
"Female",21,2,"Dorm","No","No","Public Transport","No","No","No","Yes","166",750,"No","Riyadh","Low","Engineering"
"Female",22,4,"Home","Yes","Yes","Driver","No","No","No","Yes","10",900,"No","Madinah","High","Medicine"
"Male",25,3,"Dorm","No","Yes","Public Transport","No","No","Yes","Yes","101",300,"Yes","Makkah","Low","Business"
"Female",17,1,"Home","No","No","Public Transport","No","No","No","No","37",1350,"No","Riyadh","High","Business"
"Male",18,2,"Dorm","No","No","Driver","No","No","Yes","No","269",900,"Yes","Madinah","High","Engineering"
"Male",18,1,"Dorm","Yes","No","Car","No","No","Yes","No","271",450,"No","Riyadh","Medium","Medicine"
"Male",19,3,"Home","No","No","Car","No","No","Yes","Yes","145",300,"No","Khobar","Medium","Business"
"Female",21,2,"Dorm","Yes","No","Driver","No","No","Yes","No","264",450,"No","Riyadh","Low","Other"
"Female",22,4,"Home","Yes","Yes","Public Transport","No","No","No","Yes","164",750,"No","Riyadh","Low","Business"
"Male",23,2,"Dorm","Yes","No","Car","No","No","No","No","92",750,"Yes","Riyadh","Low","Other"
"Female",19,3,"Home","No","No","Car","No","No","Yes","Yes","161",300,"Yes","Madinah","Medium","Medicine"
"Male",23,2,"Home","Yes","No","Driver","No","No","No","No","22",900,"No","Makkah","High","Other"
"Female",22,4,"Home","Yes","Yes","Driver","No","No","No","Yes","203",450,"No","Riyadh","Low","Business"
"Female",19,3,"Home","No","No","Public Transport","No","No","Yes","Yes","184",750,"No","Jeddah","Medium","Art"
"Female",19,2,"Dorm","No","No","Driver","No","No","Yes","No","229",300,"Yes","Khobar","Medium","Engineering"
"Male",19,2,"Home","No","No","Public Transport","Yes","Yes","Yes","No","41",300,"Yes","Khobar","Low","Computer Science"
"Male",18,1,"Dorm","Yes","No","Public Transport","No","No","Yes","No","267",300,"Yes","Makkah","Low","Engineering"
"Male",22,3,"Dorm","No","No","Public Transport","No","No","No","Yes","284",300,"Yes","Madinah","Low","Business"
"Male",18,2,"Dorm","No","No","Public Transport","No","No","Yes","No","195",750,"Yes","Jeddah","Medium","Other"
"Female",19,2,"Home","Yes","Yes","Car","No","No","Yes","Yes","33",750,"No","Jeddah","Low","Engineering"
"Male",22,3,"Home","No","No","Public Transport","No","No","No","Yes","72",300,"Yes","Makkah","Medium","Computer Science"
"Male",22,3,"Dorm","No","No","Public Transport","No","No","No","Yes","223",1350,"Yes","Riyadh","High","Medicine"
"Male",19,3,"Home","No","No","Car","No","No","Yes","Yes","21",900,"No","Makkah","High","Business"
"Male",22,4,"Home","No","No","Public Transport","No","No","Yes","No","15",450,"No","Jeddah","Low","Medicine"
"Male",19,2,"Dorm","No","No","Public Transport","Yes","Yes","Yes","No","142",450,"No","Jeddah","Low","Other"
"Male",18,2,"Home","No","No","Car","No","No","Yes","No","76",450,"No","Jeddah","Low","Medicine"
"Female",18,2,"Dorm","No","No","Car","No","No","Yes","Yes","294",0,"No","Khobar","Low","Medicine"
"Male",25,3,"Dorm","No","Yes","Car","No","No","Yes","Yes","10",300,"Yes","Khobar","Low","Engineering"
"Female",21,2,"Dorm","Yes","No","Public Transport","No","No","Yes","No","146",0,"No","Makkah","Medium","Medicine"
"Female",22,4,"Dorm","No","Yes","Driver","No","No","Yes","No","100",900,"Yes","Madinah","High","Engineering"
"Male",23,2,"Home","Yes","No","Car","No","No","No","No","64",900,"Yes","Khobar","High","Engineering"
"Female",17,1,"Dorm","No","No","Public Transport","No","No","No","No","11",750,"No","Riyadh","Low","Art"
"Male",19,3,"Dorm","No","No","Car","No","No","Yes","Yes","272",1350,"Yes","Jeddah","High","Engineering"
"Male",21,4,"Dorm","No","No","Public Transport","Yes","No","No","No","140",1350,"No","Riyadh","High","Other"
"Female",19,2,"Dorm","No","No","Public Transport","No","No","No","Yes","182",450,"No","Riyadh","Medium","Business"
"Female",18,1,"Dorm","Yes","No","Driver","No","No","No","Yes","262",1350,"Yes","Riyadh","High","Medicine"
"Female",18,1,"Dorm","Yes","No","Driver","No","No","No","Yes","88",750,"Yes","Jeddah","Low","Art"
"Female",17,1,"Home","No","No","Car","No","No","No","No","180",750,"Yes","Jeddah","Low","Computer Science"
"Male",18,2,"Home","No","No","Public Transport","No","No","Yes","No","135",750,"Yes","Jeddah","Medium","Engineering"
"Female",22,4,"Home","Yes","Yes","Public Transport","Yes","No","Yes","Yes","162",300,"Yes","Madinah","Low","Medicine"
"Male",22,4,"Dorm","Yes","No","Driver","Yes","Yes","Yes","No","16",900,"Yes","Khobar","High","Medicine"
"Female",19,2,"Dorm","No","No","Car","No","No","No","Yes","46",300,"Yes","Khobar","Low","Art"
"Male",21,4,"Home","No","No","Car","Yes","No","No","No","273",300,"Yes","Khobar","Medium","Engineering"
"Male",25,3,"Dorm","No","Yes","Car","No","No","Yes","Yes","254",300,"Yes","Madinah","Low","Business"
"Male",22,4,"Dorm","Yes","No","Driver","Yes","Yes","Yes","No","191",300,"Yes","Madinah","Medium","Art"
"Female",19,2,"Dorm","No","No","Car","No","No","No","Yes","159",0,"No","Khobar","Medium","Engineering"
"Female",22,4,"Dorm","Yes","Yes","Public Transport","No","No","No","Yes","177",450,"No","Jeddah","Low","Art"
"Male",22,4,"Home","No","No","Driver","No","No","Yes","No","125",900,"Yes","Khobar","High","Other"
"Female",21,2,"Dorm","No","No","Car","No","No","No","Yes","62",300,"No","Khobar","Low","Business"
"Female",22,4,"Home","No","Yes","Driver","No","No","Yes","No","285",900,"Yes","Madinah","High","Medicine"
"Female",18,2,"Home","No","No","Driver","No","No","Yes","Yes","39",0,"No","Makkah","Medium","Other"
"Female",18,2,"Dorm","No","No","Car","No","No","Yes","Yes","160",300,"Yes","Makkah","Low","Medicine"
"Female",22,4,"Home","Yes","Yes","Public Transport","No","No","No","Yes","204",0,"No","Khobar","Medium","Other"
"Male",22,3,"Home","No","Yes","Public Transport","Yes","Yes","No","No","213",750,"Yes","Riyadh","Medium","Engineering"
"Female",17,1,"Home","No","No","Driver","No","No","No","No","230",300,"Yes","Khobar","Low","Medicine"
"Female",19,2,"Dorm","Yes","Yes","Public Transport","No","No","Yes","Yes","67",0,"No","Madinah","Medium","Computer Science"
"Male",18,2,"Home","No","No","Car","No","No","Yes","No","199",900,"No","Khobar","High","Other"
"Male",21,4,"Dorm","No","No","Driver","Yes","No","No","No","186",750,"Yes","Riyadh","Medium","Computer Science"
"Female",19,3,"Home","No","No","Public Transport","No","No","Yes","Yes","264",0,"No","Madinah","Low","Engineering"
"Male",23,2,"Dorm","Yes","No","Driver","No","No","No","No","147",1350,"Yes","Riyadh","High","Art"
"Male",19,3,"Home","No","No","Car","No","No","Yes","Yes","122",300,"Yes","Madinah","Low","Art"
"Male",22,3,"Home","No","No","Car","No","No","No","Yes","8",750,"Yes","Riyadh","Low","Medicine"
"Female",22,4,"Dorm","No","Yes","Driver","No","No","Yes","No","264",300,"Yes","Makkah","Medium","Engineering"
"Female",17,1,"Home","No","No","Car","No","No","No","No","115",900,"No","Makkah","High","Other"
"Male",22,3,"Dorm","No","No","Car","No","No","No","Yes","172",450,"No","Jeddah","Low","Other"
"Female",19,2,"Dorm","Yes","Yes","Car","No","No","Yes","Yes","108",750,"No","Riyadh","Medium","Other"
"Female",19,2,"Dorm","No","No","Driver","No","No","No","Yes","4",300,"No","Makkah","Low","Business"
"Male",22,4,"Dorm","Yes","No","Car","Yes","Yes","Yes","No","3",300,"Yes","Makkah","Low","Medicine"
"Female",22,4,"Dorm","Yes","Yes","Driver","Yes","No","Yes","Yes","144",300,"Yes","Makkah","Low","Engineering"
"Female",22,4,"Home","Yes","Yes","Public Transport","No","No","No","Yes","146",300,"No","Khobar","Medium","Engineering"
"Female",19,2,"Dorm","No","No","Car","No","No","No","Yes","125",0,"No","Khobar","Medium","Computer Science"
"Female",19,3,"Home","No","No","Driver","No","No","Yes","Yes","143",300,"Yes","Madinah","Low","Other"
"Male",19,2,"Dorm","No","No","Public Transport","Yes","Yes","Yes","No","192",900,"Yes","Makkah","High","Engineering"
"Female",18,2,"Dorm","No","No","Driver","No","No","Yes","Yes","46",300,"No","Makkah","Medium","Other"
"Male",18,2,"Dorm","No","No","Car","No","No","Yes","No","190",300,"Yes","Khobar","Low","Other"
"Female",21,2,"Home","Yes","No","Public Transport","No","No","Yes","No","197",300,"Yes","Madinah","Medium","Engineering"
"Male",19,3,"Dorm","No","No","Car","No","No","Yes","Yes","190",900,"Yes","Khobar","High","Other"
"Female",22,4,"Dorm","Yes","Yes","Driver","No","No","No","Yes","95",900,"No","Madinah","High","Art"
"Male",18,1,"Home","Yes","No","Driver","No","No","Yes","No","234",300,"Yes","Makkah","Low","Medicine"
"Female",18,2,"Home","No","No","Driver","Yes","No","Yes","Yes","181",750,"No","Jeddah","Medium","Business"
"Female",22,4,"Dorm","No","Yes","Car","No","No","Yes","No","134",300,"Yes","Madinah","Medium","Medicine"
"Female",18,1,"Home","Yes","No","Car","No","No","No","Yes","270",750,"Yes","Jeddah","Medium","Medicine"
"Female",19,2,"Home","Yes","No","Public Transport","No","No","No","Yes","182",900,"No","Makkah","High","Art"
"Female",19,2,"Dorm","Yes","No","Public Transport","No","No","No","Yes","72",900,"No","Makkah","High","Medicine"
"Male",23,2,"Home","Yes","No","Car","No","No","No","No","132",900,"Yes","Khobar","High","Business"
"Female",19,2,"Dorm","Yes","No","Public Transport","No","No","No","Yes","103",300,"Yes","Khobar","Low","Business"
"Female",21,2,"Home","Yes","No","Driver","No","No","Yes","No","56",900,"Yes","Khobar","High","Business"
"Female",19,3,"Dorm","No","No","Car","No","No","Yes","Yes","255",300,"Yes","Madinah","Medium","Other"
"Female",22,4,"Home","Yes","Yes","Public Transport","Yes","No","Yes","Yes","211",750,"Yes","Jeddah","Low","Other"
"Female",22,4,"Dorm","Yes","Yes","Public Transport","Yes","No","Yes","Yes","25",1350,"Yes","Jeddah","High","Computer Science"
"Male",22,4,"Dorm","Yes","No","Driver","Yes","Yes","Yes","No","128",750,"No","Riyadh","Low","Business"
"Male",18,2,"Dorm","No","No","Car","No","No","No","No","257",750,"Yes","Jeddah","Low","Computer Science"
"Female",19,3,"Dorm","No","No","Car","No","No","Yes","Yes","21",0,"No","Madinah","Low","Other"
"Female",18,2,"Dorm","No","No","Car","No","No","Yes","Yes","261",450,"No","Riyadh","Medium","Medicine"
"Male",18,2,"Dorm","No","No","Car","No","No","Yes","No","228",750,"No","Riyadh","Low","Medicine"
"Female",22,4,"Home","Yes","Yes","Car","No","No","No","Yes","217",1350,"No","Riyadh","High","Engineering"
"Male",22,4,"Home","No","No","Car","No","No","Yes","No","162",750,"Yes","Riyadh","Medium","Business"
"Female",19,3,"Dorm","No","No","Car","No","No","Yes","Yes","52",900,"Yes","Madinah","High","Computer Science"
"Male",22,3,"Dorm","No","No","Driver","No","No","No","Yes","149",750,"Yes","Riyadh","Low","Other"
"Female",18,2,"Dorm","No","No","Car","No","No","Yes","Yes","275",900,"Yes","Khobar","High","Medicine"
"Female",18,1,"Dorm","Yes","No","Car","No","No","No","Yes","279",300,"No","Makkah","Low","Computer Science"
"Male",23,2,"Dorm","Yes","No","Public Transport","No","No","No","No","146",450,"No","Jeddah","Medium","Business"
"Male",22,3,"Dorm","No","No","Car","No","No","No","Yes","291",1350,"Yes","Riyadh","High","Art"
"Female",22,4,"Dorm","Yes","Yes","Car","No","No","No","Yes","183",750,"Yes","Riyadh","Medium","Medicine"
"Female",22,4,"Home","No","Yes","Car","No","No","Yes","No","160",300,"Yes","Madinah","Medium","Computer Science"
"Male",18,1,"Home","Yes","No","Driver","No","No","Yes","No","120",300,"Yes","Madinah","Medium","Business"
"Male",18,1,"Dorm","Yes","No","Public Transport","No","No","No","No","249",900,"No","Khobar","High","Business"
"Female",18,2,"Dorm","No","No","Driver","Yes","No","Yes","Yes","20",900,"No","Madinah","High","Art"
"Male",22,3,"Home","No","Yes","Public Transport","Yes","Yes","No","No","280",300,"Yes","Khobar","Low","Medicine"
"Male",22,3,"Dorm","No","No","Public Transport","No","No","No","Yes","95",750,"No","Riyadh","Low","Art"
"Male",22,3,"Home","No","No","Driver","No","No","No","Yes","63",750,"Yes","Jeddah","Medium","Medicine"
"Male",23,2,"Home","Yes","No","Public Transport","No","No","No","No","192",1350,"Yes","Jeddah","High","Art"
"Male",18,2,"Home","No","No","Car","No","No","Yes","No","204",750,"Yes","Riyadh","Medium","Art"
"Male",18,2,"Dorm","No","No","Driver","No","No","Yes","No","94",750,"Yes","Riyadh","Low","Engineering"
"Female",18,2,"Dorm","No","No","Public Transport","No","No","Yes","Yes","16",900,"Yes","Khobar","High","Other"
"Male",21,4,"Home","No","No","Public Transport","Yes","No","No","No","124",750,"Yes","Riyadh","Low","Medicine"
"Female",18,2,"Dorm","No","No","Driver","No","No","Yes","Yes","140",300,"No","Madinah","Low","Art"
"Male",22,3,"Home","No","Yes","Car","Yes","Yes","No","No","250",450,"No","Riyadh","Low","Engineering"
"Female",21,2,"Home","Yes","No","Public Transport","No","No","Yes","No","177",750,"Yes","Riyadh","Medium","Other"
"Male",22,4,"Dorm","No","No","Car","No","No","Yes","No","184",900,"Yes","Makkah","High","Business"
"Male",22,3,"Home","No","Yes","Car","Yes","Yes","No","No","201",300,"Yes","Khobar","Low","Computer Science"
"Male",21,4,"Dorm","No","No","Car","Yes","No","No","No","117",750,"Yes","Jeddah","Low","Other"
"Male",22,4,"Home","No","No","Driver","No","No","Yes","No","17",1350,"Yes","Jeddah","High","Business"
"Male",18,2,"Home","No","No","Driver","No","No","Yes","No","43",450,"No","Jeddah","Medium","Other"
"Male",22,4,"Dorm","Yes","No","Car","Yes","Yes","Yes","No","15",450,"No","Jeddah","Medium","Computer Science"
"Male",19,3,"Home","No","No","Car","No","No","Yes","Yes","106",300,"Yes","Khobar","Low","Engineering"
"Female",17,1,"Dorm","No","No","Driver","No","No","No","No","36",300,"No","Madinah","Low","Business"
"Female",19,2,"Dorm","No","No","Driver","No","No","No","Yes","221",1350,"No","Jeddah","High","Medicine"
"Male",18,2,"Dorm","No","No","Car","No","No","Yes","No","148",750,"Yes","Riyadh","Medium","Art"
"Male",18,2,"Dorm","No","No","Driver","No","No","Yes","No","295",300,"Yes","Khobar","Low","Medicine"
"Male",21,4,"Dorm","No","No","Driver","Yes","No","No","No","190",900,"No","Makkah","High","Engineering"
"Female",18,2,"Dorm","No","No","Driver","No","No","Yes","Yes","62",900,"No","Makkah","High","Computer Science"
"Male",22,4,"Home","No","No","Car","No","No","Yes","No","248",0,"No","Madinah","Medium","Computer Science"
"Male",21,4,"Dorm","No","No","Driver","Yes","No","No","No","4",750,"Yes","Riyadh","Low","Medicine"
"Male",23,2,"Dorm","Yes","No","Public Transport","No","No","No","No","193",0,"No","Khobar","Medium","Other"
"Male",22,4,"Home","No","No","Public Transport","No","No","Yes","No","237",0,"No","Makkah","Medium","Medicine"
"Female",18,2,"Dorm","No","No","Car","Yes","No","Yes","Yes","7",300,"Yes","Makkah","Medium","Engineering"
"Female",18,2,"Dorm","No","No","Car","No","No","Yes","Yes","221",750,"Yes","Riyadh","Low","Other"
"Male",22,3,"Home","No","No","Driver","No","No","No","Yes","124",300,"Yes","Makkah","Low","Business"
"Female",22,4,"Home","Yes","Yes","Public Transport","No","No","No","Yes","251",750,"Yes","Jeddah","Low","Engineering"
"Female",19,2,"Home","Yes","No","Car","No","No","No","Yes","48",900,"No","Madinah","High","Engineering"
"Female",18,2,"Home","No","No","Public Transport","No","No","Yes","Yes","25",300,"Yes","Makkah","Low","Computer Science"
"Male",25,3,"Home","No","Yes","Car","No","No","Yes","Yes","25",750,"Yes","Riyadh","Low","Business"
"Male",22,3,"Home","No","No","Driver","No","No","No","Yes","265",450,"No","Jeddah","Medium","Other"
"Male",18,2,"Dorm","No","No","Public Transport","No","No","No","No","135",1350,"Yes","Riyadh","High","Business"
"Male",23,2,"Dorm","Yes","No","Public Transport","No","No","No","No","206",750,"No","Jeddah","Low","Medicine"
"Female",22,4,"Dorm","Yes","Yes","Driver","No","No","No","Yes","292",300,"Yes","Madinah","Low","Engineering"
"Female",18,1,"Home","Yes","No","Car","No","No","No","Yes","74",900,"Yes","Makkah","High","Medicine"
"Female",19,3,"Home","No","No","Car","No","No","Yes","Yes","185",750,"No","Riyadh","Medium","Computer Science"
"Male",23,2,"Home","Yes","No","Car","No","No","No","No","9",900,"No","Khobar","High","Business"
"Female",18,2,"Dorm","No","No","Public Transport","No","No","Yes","Yes","112",1350,"Yes","Riyadh","High","Other"
"Male",19,3,"Home","No","No","Car","No","No","Yes","Yes","49",900,"No","Khobar","High","Art"
"Female",19,3,"Dorm","No","No","Car","No","No","Yes","Yes","138",750,"Yes","Jeddah","Low","Medicine"
"Male",19,3,"Home","No","No","Public Transport","No","No","Yes","Yes","248",750,"Yes","Jeddah","Low","Medicine"
"Male",22,3,"Home","No","No","Car","No","No","No","Yes","65",300,"Yes","Khobar","Medium","Computer Science"
"Male",23,2,"Home","Yes","No","Car","No","No","No","No","170",300,"No","Makkah","Low","Business"
"Male",22,3,"Home","No","Yes","Car","Yes","Yes","No","No","12",300,"Yes","Makkah","Medium","Art"
"Female",22,4,"Dorm","Yes","Yes","Public Transport","No","No","No","Yes","206",750,"No","Jeddah","Medium","Computer Science"
"Female",19,3,"Dorm","No","No","Driver","No","No","Yes","Yes","12",750,"Yes","Jeddah","Low","Other"
"Male",18,1,"Dorm","Yes","No","Driver","No","No","Yes","No","40",900,"Yes","Khobar","High","Engineering"
"Female",22,4,"Dorm","Yes","Yes","Driver","No","No","No","Yes","122",900,"Yes","Madinah","High","Computer Science"
"Female",19,3,"Home","No","No","Driver","No","No","Yes","Yes","144",300,"Yes","Madinah","Medium","Medicine"
"Female",18,2,"Home","No","No","Car","No","No","Yes","Yes","22",900,"Yes","Khobar","High","Art"
"Female",21,2,"Home","Yes","No","Public Transport","No","No","Yes","No","173",900,"Yes","Khobar","High","Business"
"Female",19,3,"Dorm","No","No","Car","No","No","Yes","Yes","3",300,"No","Makkah","Medium","Other"
"Female",19,3,"Dorm","No","No","Public Transport","No","No","Yes","Yes","290",300,"No","Khobar","Low","Other"
"Female",18,2,"Home","No","No","Car","No","No","Yes","Yes","43",450,"No","Jeddah","Low","Other"
"Male",19,2,"Dorm","No","No","Car","Yes","Yes","Yes","No","0",300,"Yes","Khobar","Medium","Engineering"
"Female",18,2,"Dorm","No","No","Car","No","No","Yes","Yes","90",0,"No","Madinah","Low","Business"
"Female",19,3,"Dorm","No","No","Public Transport","No","No","Yes","Yes","269",300,"Yes","Makkah","Low","Engineering"
"Male",22,4,"Home","No","No","Public Transport","No","No","Yes","No","243",300,"Yes","Madinah","Low","Medicine"
"Female",19,2,"Home","No","No","Driver","No","No","Yes","No","253",0,"No","Makkah","Medium","Computer Science"
"Female",21,2,"Dorm","Yes","No","Public Transport","No","No","Yes","No","122",900,"No","Madinah","High","Engineering"
"Female",17,1,"Dorm","No","No","Public Transport","No","No","No","No","244",750,"Yes","Jeddah","Medium","Engineering"
"Female",21,2,"Dorm","Yes","No","Public Transport","No","No","Yes","No","87",450,"No","Jeddah","Medium","Medicine"
"Female",22,4,"Dorm","Yes","Yes","Driver","No","No","No","Yes","187",900,"No","Khobar","High","Business"
"Male",21,4,"Home","No","No","Car","Yes","No","No","No","125",0,"No","Madinah","Medium","Medicine"
"Male",19,3,"Home","No","No","Public Transport","No","No","Yes","Yes","117",750,"Yes","Jeddah","Low","Other"
"Male",19,3,"Home","No","No","Driver","No","No","Yes","Yes","92",300,"Yes","Khobar","Low","Other"
"Male",22,3,"Home","No","No","Driver","No","No","No","Yes","3",750,"No","Riyadh","Low","Business"
"Female",18,1,"Home","Yes","No","Car","No","No","No","Yes","52",450,"No","Jeddah","Medium","Computer Science"
"Female",18,1,"Dorm","Yes","No","Car","No","No","No","Yes","23",300,"Yes","Khobar","Medium","Business"
"Female",19,2,"Dorm","No","No","Car","No","No","No","Yes","138",750,"Yes","Riyadh","Medium","Other"
"Male",18,2,"Dorm","No","No","Driver","No","No","Yes","No","299",300,"No","Makkah","Low","Art"
"Male",18,2,"Dorm","No","No","Public Transport","No","No","No","No","54",450,"No","Jeddah","Medium","Business"
"Male",18,2,"Home","No","No","Driver","No","No","Yes","No","51",300,"No","Khobar","Medium","Computer Science"
"Male",18,2,"Dorm","No","No","Driver","No","No","No","No","151",300,"Yes","Makkah","Low","Business"
"Male",18,2,"Dorm","No","No","Driver","No","No","No","No","203",300,"Yes","Makkah","Low","Engineering"
"Male",18,2,"Dorm","No","No","Car","No","No","Yes","No","126",300,"No","Madinah","Medium","Medicine"
"Female",18,2,"Dorm","No","No","Driver","No","No","Yes","Yes","241",1350,"No","Riyadh","High","Other"
"Female",22,4,"Dorm","Yes","Yes","Driver","No","No","No","Yes","169",450,"No","Riyadh","Low","Computer Science"
"Female",19,3,"Home","No","No","Public Transport","No","No","Yes","Yes","135",300,"Yes","Khobar","Medium","Other"
"Male",18,2,"Dorm","No","No","Driver","No","No","No","No","190",300,"Yes","Makkah","Medium","Business"
"Female",19,2,"Home","Yes","Yes","Driver","No","No","Yes","Yes","178",750,"Yes","Jeddah","Medium","Engineering"
"Male",18,1,"Dorm","Yes","No","Car","No","No","Yes","No","170",900,"Yes","Madinah","High","Other"
"Male",18,2,"Home","No","No","Driver","No","No","Yes","No","60",300,"Yes","Khobar","Medium","Art"
"Female",22,4,"Home","No","Yes","Driver","No","No","Yes","No","50",750,"No","Jeddah","Low","Business"
"Female",19,2,"Dorm","No","No","Driver","No","No","Yes","No","27",1350,"No","Jeddah","High","Other"
"Female",22,4,"Home","Yes","Yes","Driver","No","No","No","Yes","236",300,"Yes","Madinah","Medium","Engineering"
"Male",22,3,"Home","No","No","Driver","No","No","No","Yes","84",750,"Yes","Riyadh","Medium","Other"
"Male",18,2,"Dorm","No","No","Public Transport","No","No","Yes","No","280",900,"No","Makkah","High","Business"
"Female",18,2,"Dorm","No","No","Car","No","No","Yes","Yes","169",1350,"No","Jeddah","High","Medicine"
"Female",21,2,"Dorm","Yes","No","Public Transport","No","No","Yes","No","86",750,"Yes","Riyadh","Medium","Art"
"Male",18,2,"Home","No","No","Car","No","No","Yes","No","210",300,"No","Madinah","Low","Medicine"
"Female",19,3,"Home","No","No","Driver","No","No","Yes","Yes","123",300,"No","Makkah","Low","Engineering"
"Female",19,3,"Dorm","No","No","Public Transport","No","No","Yes","Yes","124",450,"No","Jeddah","Medium","Computer Science"
"Male",23,2,"Dorm","Yes","No","Car","No","No","No","No","70",0,"No","Khobar","Low","Art"
"Male",23,2,"Home","Yes","No","Car","No","No","No","No","49",900,"Yes","Makkah","High","Other"
"Male",23,2,"Dorm","Yes","No","Public Transport","No","No","No","No","154",750,"Yes","Riyadh","Low","Business"
"Female",22,4,"Home","No","Yes","Public Transport","No","No","Yes","No","21",450,"No","Jeddah","Low","Engineering"
"Female",19,2,"Dorm","No","No","Public Transport","No","No","No","Yes","62",750,"No","Jeddah","Low","Business"
"Male",21,4,"Home","No","No","Car","Yes","No","No","No","8",300,"Yes","Madinah","Medium","Engineering"
"Male",18,2,"Dorm","No","No","Car","No","No","Yes","No","27",750,"Yes","Riyadh","Low","Art"
"Male",18,2,"Dorm","No","No","Driver","No","No","No","No","63",300,"No","Khobar","Low","Computer Science"
"Male",19,2,"Dorm","No","No","Driver","Yes","Yes","Yes","No","282",750,"Yes","Riyadh","Medium","Medicine"
"Female",19,3,"Home","No","No","Car","No","No","Yes","Yes","82",300,"Yes","Madinah","Medium","Business"
"Female",18,2,"Home","No","No","Driver","No","No","Yes","Yes","240",300,"No","Madinah","Low","Other"
"Female",19,2,"Dorm","No","No","Public Transport","No","No","No","Yes","267",300,"No","Makkah","Medium","Art"
"Male",22,3,"Home","No","Yes","Public Transport","Yes","Yes","No","No","6",750,"Yes","Riyadh","Medium","Art"
"Male",19,2,"Home","No","No","Driver","Yes","Yes","Yes","No","151",1350,"No","Riyadh","High","Medicine"
"Female",22,4,"Dorm","Yes","Yes","Car","No","No","No","Yes","145",300,"Yes","Madinah","Low","Business"
"Male",19,3,"Dorm","No","No","Car","No","No","Yes","Yes","235",1350,"No","Riyadh","High","Business"
"Male",22,3,"Home","No","No","Public Transport","No","No","No","Yes","58",900,"Yes","Khobar","High","Other"
"Male",18,1,"Dorm","Yes","No","Driver","No","No","Yes","No","137",0,"No","Makkah","Low","Engineering"
"Male",22,4,"Dorm","No","No","Car","No","No","Yes","No","43",900,"No","Khobar","High","Medicine"
"Female",19,2,"Dorm","No","No","Public Transport","No","No","No","Yes","254",300,"Yes","Madinah","Medium","Other"
"Male",21,4,"Dorm","No","No","Public Transport","Yes","No","No","No","258",750,"Yes","Jeddah","Low","Medicine"
"Female",22,4,"Dorm","Yes","Yes","Car","Yes","No","Yes","Yes","21",750,"Yes","Riyadh","Low","Computer Science"
"Female",22,4,"Home","Yes","Yes","Public Transport","No","No","No","Yes","133",300,"Yes","Makkah","Medium","Other"
"Female",19,2,"Dorm","No","No","Driver","No","No","No","Yes","169",750,"Yes","Riyadh","Medium","Art"
"Female",18,2,"Home","No","No","Public Transport","No","No","Yes","Yes","197",750,"Yes","Riyadh","Medium","Business"
"Female",22,4,"Home","No","Yes","Driver","No","No","Yes","No","235",900,"Yes","Makkah","High","Computer Science"
"Male",19,3,"Home","No","No","Car","No","No","Yes","Yes","100",1350,"Yes","Jeddah","High","Computer Science"
"Female",19,3,"Home","No","No","Car","No","No","Yes","Yes","266",300,"Yes","Khobar","Low","Computer Science"
"Male",18,2,"Dorm","No","No","Public Transport","No","No","Yes","No","162",750,"Yes","Jeddah","Low","Computer Science"
"Female",19,2,"Home","Yes","Yes","Car","No","No","Yes","Yes","2",0,"No","Madinah","Medium","Art"
"Female",22,4,"Dorm","No","Yes","Car","No","No","Yes","No","245",750,"Yes","Riyadh","Medium","Other"
"Male",22,4,"Dorm","No","No","Car","No","No","Yes","No","131",450,"No","Riyadh","Low","Computer Science"
"Male",22,3,"Dorm","No","No","Car","No","No","No","Yes","283",1350,"Yes","Riyadh","High","Medicine"
"Female",22,4,"Home","Yes","Yes","Car","No","No","No","Yes","58",750,"No","Riyadh","Low","Medicine"
"Female",22,4,"Dorm","Yes","Yes","Driver","No","No","No","Yes","73",0,"No","Khobar","Low","Engineering"
"Female",19,3,"Dorm","No","No","Car","No","No","Yes","Yes","254",900,"Yes","Khobar","High","Medicine"
"Male",18,1,"Dorm","Yes","No","Car","No","No","Yes","No","293",750,"Yes","Riyadh","Low","Business"
"Female",22,4,"Home","No","Yes","Driver","No","No","Yes","No","99",300,"Yes","Madinah","Medium","Other"
"Male",18,2,"Dorm","No","No","Car","No","No","Yes","No","79",300,"Yes","Madinah","Low","Engineering"
"Female",18,2,"Dorm","No","No","Car","No","No","Yes","Yes","116",900,"Yes","Khobar","High","Art"
"Female",21,2,"Home","No","No","Public Transport","No","No","No","Yes","281",300,"No","Madinah","Medium","Engineering"
"Female",22,4,"Dorm","Yes","Yes","Driver","No","No","No","Yes","199",900,"No","Madinah","High","Other"
"Male",18,1,"Home","Yes","No","Car","No","No","Yes","No","98",750,"No","Riyadh","Medium","Medicine"
"Female",18,2,"Dorm","No","No","Public Transport","No","No","Yes","Yes","172",0,"No","Makkah","Medium","Other"
"Female",22,4,"Home","Yes","Yes","Driver","No","No","No","Yes","200",750,"Yes","Riyadh","Low","Other"
"Male",18,2,"Dorm","No","No","Public Transport","No","No","Yes","No","112",1350,"Yes","Riyadh","High","Computer Science"
"Male",22,4,"Home","Yes","No","Car","Yes","Yes","Yes","No","111",1350,"Yes","Jeddah","High","Art"
"Female",18,2,"Dorm","No","No","Car","No","No","Yes","Yes","281",1350,"No","Jeddah","High","Art"
"Male",18,2,"Dorm","No","No","Public Transport","No","No","Yes","No","161",750,"No","Riyadh","Low","Engineering"
"Female",21,2,"Home","Yes","No","Public Transport","No","No","Yes","No","84",300,"Yes","Makkah","Low","Art"
"Male",22,3,"Dorm","No","No","Driver","No","No","No","Yes","119",750,"Yes","Riyadh","Medium","Other"
"Male",18,2,"Home","No","No","Public Transport","No","No","Yes","No","201",450,"No","Jeddah","Medium","Art"
"Female",22,4,"Home","Yes","Yes","Public Transport","No","No","No","Yes","73",900,"Yes","Makkah","High","Art"
"Male",21,4,"Home","No","No","Public Transport","Yes","No","No","No","244",900,"Yes","Khobar","High","Computer Science"
"Female",22,4,"Home","Yes","Yes","Driver","No","No","No","Yes","11",900,"Yes","Makkah","High","Engineering"
"Male",22,3,"Home","No","No","Car","No","No","No","Yes","108",900,"No","Khobar","High","Medicine"
"Male",19,3,"Dorm","No","No","Driver","No","No","Yes","Yes","214",300,"No","Khobar","Medium","Medicine"
"Female",22,4,"Home","Yes","Yes","Public Transport","No","No","No","Yes","178",450,"No","Jeddah","Medium","Business"
"Female",19,2,"Dorm","No","No","Driver","No","No","No","Yes","169",300,"No","Makkah","Medium","Business"
"Female",18,2,"Home","No","No","Public Transport","No","No","Yes","Yes","197",900,"Yes","Madinah","High","Art"
"Female",22,4,"Home","No","Yes","Driver","No","No","Yes","No","235",1350,"Yes","Jeddah","High","Art"
"Male",19,3,"Home","No","No","Car","No","No","Yes","Yes","100",300,"Yes","Madinah","Low","Computer Science"
"Female",19,3,"Home","No","No","Car","No","No","Yes","Yes","266",750,"Yes","Riyadh","Medium","Medicine"
"Male",18,2,"Dorm","No","No","Public Transport","No","No","Yes","No","162",300,"Yes","Makkah","Medium","Computer Science"
"Female",19,2,"Home","Yes","Yes","Car","No","No","Yes","Yes","2",0,"No","Makkah","Low","Computer Science"
"Female",22,4,"Dorm","No","Yes","Car","No","No","Yes","No","245",750,"Yes","Jeddah","Low","Medicine"
"Male",22,4,"Dorm","No","No","Car","No","No","Yes","No","131",300,"Yes","Makkah","Low","Art"
"Male",22,3,"Dorm","No","No","Car","No","No","No","Yes","283",1350,"Yes","Riyadh","High","Engineering"
"Female",22,4,"Home","Yes","Yes","Car","No","No","No","Yes","58",750,"No","Jeddah","Low","Engineering"
"Female",22,4,"Dorm","Yes","Yes","Driver","No","No","No","Yes","73",300,"No","Madinah","Low","Art"
"Female",19,3,"Dorm","No","No","Car","No","No","Yes","Yes","254",0,"No","Khobar","Medium","Engineering"
"Male",18,1,"Dorm","Yes","No","Car","No","No","Yes","No","293",750,"No","Riyadh","Medium","Engineering"
"Female",22,4,"Home","No","Yes","Driver","No","No","Yes","No","99",1350,"No","Jeddah","High","Engineering"
"Male",18,2,"Dorm","No","No","Car","No","No","Yes","No","79",450,"No","Riyadh","Low","Medicine"
"Female",18,2,"Dorm","No","No","Car","No","No","Yes","Yes","116",1350,"Yes","Riyadh","High","Computer Science"
"Female",21,2,"Home","No","No","Public Transport","No","No","No","Yes","281",1350,"No","Riyadh","High","Art"
"Female",22,4,"Dorm","Yes","Yes","Driver","No","No","No","Yes","199",450,"No","Riyadh","Low","Business"
"Male",18,1,"Home","Yes","No","Car","No","No","Yes","No","98",900,"Yes","Khobar","High","Other"
"Female",18,2,"Dorm","No","No","Public Transport","No","No","Yes","Yes","172",300,"Yes","Madinah","Medium","Engineering"
"Female",22,4,"Home","Yes","Yes","Driver","No","No","No","Yes","200",750,"Yes","Jeddah","Medium","Computer Science"
"Male",18,2,"Dorm","No","No","Public Transport","No","No","Yes","No","112",300,"Yes","Madinah","Medium","Art"
"Male",22,4,"Home","Yes","No","Car","Yes","Yes","Yes","No","111",0,"No","Madinah","Low","Engineering"
"Female",18,2,"Dorm","No","No","Car","No","No","Yes","Yes","281",300,"No","Madinah","Low","Art"
"Male",18,2,"Dorm","No","No","Public Transport","No","No","Yes","No","161",900,"No","Madinah","High","Medicine"
"Female",21,2,"Home","Yes","No","Public Transport","No","No","Yes","No","84",0,"No","Makkah","Medium","Computer Science"
"Male",22,3,"Dorm","No","No","Driver","No","No","No","Yes","119",300,"Yes","Makkah","Low","Business"
"Male",18,2,"Home","No","No","Public Transport","No","No","Yes","No","201",300,"Yes","Madinah","Low","Medicine"
"Female",22,4,"Home","Yes","Yes","Public Transport","No","No","No","Yes","73",450,"No","Riyadh","Medium","Art"
"Male",21,4,"Home","No","No","Public Transport","Yes","No","No","No","244",900,"Yes","Khobar","High","Business"
"Female",22,4,"Home","Yes","Yes","Driver","No","No","No","Yes","11",900,"Yes","Makkah","High","Business"
"Male",22,3,"Home","No","No","Car","No","No","No","Yes","108",300,"Yes","Madinah","Medium","Engineering"
"Male",19,3,"Dorm","No","No","Driver","No","No","Yes","Yes","214",450,"No","Jeddah","Medium","Art"
"Female",22,4,"Home","Yes","Yes","Public Transport","No","No","No","Yes","178",1350,"No","Jeddah","High","Computer Science"
"Male",21,4,"Home","No","No","Car","Yes","No","No","No","8",750,"Yes","Jeddah","Low","Art"
"Male",18,2,"Dorm","No","No","Car","No","No","Yes","No","27",900,"Yes","Madinah","High","Engineering"
"Male",18,2,"Dorm","No","No","Driver","No","No","No","No","63",300,"Yes","Makkah","Low","Other"
"Male",19,2,"Dorm","No","No","Driver","Yes","Yes","Yes","No","282",900,"Yes","Makkah","High","Art"
"Female",19,3,"Home","No","No","Car","No","No","Yes","Yes","82",300,"Yes","Makkah","Low","Engineering"
"Female",18,2,"Home","No","No","Driver","No","No","Yes","Yes","240",0,"No","Makkah","Low","Medicine"
"Female",19,2,"Dorm","No","No","Public Transport","No","No","No","Yes","267",900,"No","Madinah","High","Medicine"
"Male",22,3,"Home","No","Yes","Public Transport","Yes","Yes","No","No","6",750,"Yes","Jeddah","Low","Computer Science"
"Male",19,2,"Home","No","No","Driver","Yes","Yes","Yes","No","151",900,"No","Khobar","High","Business"
"Female",22,4,"Dorm","Yes","Yes","Car","No","No","No","Yes","145",300,"No","Khobar","Low","Business"
"Male",19,3,"Dorm","No","No","Car","No","No","Yes","Yes","235",300,"No","Khobar","Low","Art"
"Male",22,3,"Home","No","No","Public Transport","No","No","No","Yes","58",750,"Yes","Jeddah","Low","Other"
"Male",18,1,"Dorm","Yes","No","Driver","No","No","Yes","No","137",900,"Yes","Madinah","High","Art"
"Male",22,4,"Dorm","No","No","Car","No","No","Yes","No","43",750,"Yes","Riyadh","Medium","Other"
"Female",19,2,"Dorm","No","No","Public Transport","No","No","No","Yes","254",300,"Yes","Khobar","Low","Engineering"
"Male",21,4,"Dorm","No","No","Public Transport","Yes","No","No","No","258",750,"Yes","Riyadh","Medium","Art"
"Female",22,4,"Dorm","Yes","Yes","Car","Yes","No","Yes","Yes","21",750,"Yes","Jeddah","Medium","Other"
"Female",22,4,"Home","Yes","Yes","Public Transport","No","No","No","Yes","133",750,"Yes","Riyadh","Medium","Business"
"Female",19,2,"Dorm","No","No","Driver","No","No","No","Yes","169",300,"Yes","Madinah","Medium","Computer Science"
"Female",18,2,"Home","No","No","Public Transport","No","No","Yes","Yes","197",300,"Yes","Khobar","Low","Computer Science"
"Female",22,4,"Home","No","Yes","Driver","No","No","Yes","No","235",0,"No","Makkah","Low","Art"
"Male",19,3,"Home","No","No","Car","No","No","Yes","Yes","100",0,"No","Makkah","Low","Medicine"
"Female",19,3,"Home","No","No","Car","No","No","Yes","Yes","266",300,"Yes","Makkah","Medium","Computer Science"
"Male",18,2,"Dorm","No","No","Public Transport","No","No","Yes","No","162",450,"No","Riyadh","Low","Computer Science"
"Female",19,2,"Home","Yes","Yes","Car","No","No","Yes","Yes","2",300,"Yes","Makkah","Low","Art"
"Female",22,4,"Dorm","No","Yes","Car","No","No","Yes","No","245",1350,"No","Riyadh","High","Art"
